2.5,1.0,0
2.52,1.0,0
2.54,1.0,0
2.56,1.0,0
2.58,1.0,0
2.6,1.0,0
2.62,1.0,0
2.64,1.0,0
2.66,1.0,0
2.68,1.0,0
2.7,1.0,0
2.72,1.0,0
2.74,1.0,0
2.76,1.0,0
2.7800000000000002,1.0,0
2.8,1.0,0
2.82,1.0,0
2.84,1.0,0
2.86,1.0,0
2.88,1.0,0
2.9,1.0,0
2.92,1.0,0
2.94,1.0,0
2.96,1.0,0
2.98,1.0,0
3.0,1.0,0
3.02,1.0,0
3.04,1.0,0
3.06,1.0,0
3.08,1.0,0
3.1,1.0,0
3.12,1.0,0
3.14,1.0,0
3.16,1.0,0
3.18,1.0,0
3.2,1.0,0
3.2199999999999998,1.0,0
3.24,1.0,0
3.26,1.0,0
3.2800000000000002,1.0,0
3.3,1.0,0
3.3200000000000003,1.0,0
3.34,1.0,0
3.36,1.0,0
3.38,1.0,0
3.4,1.0,0
3.42,1.0,0
3.44,1.0,0
3.46,1.0,0
3.48,1.0,0
3.5,1.0,0
3.52,1.0,0
3.54,1.0,0
3.56,1.0,0
3.58,1.0,0
3.6,1.0,0
3.62,1.0,0
3.64,1.0,0
3.66,1.0,0
3.6799999999999997,1.0,0
3.7,1.0,0
3.7199999999999998,1.0,0
3.74,1.0,0
3.76,1.0,0
3.7800000000000002,1.0,0
3.8,1.0,0
3.8200000000000003,1.0,0
3.84,1.0,0
3.8600000000000003,1.0,0
3.88,1.0,0
3.9000000000000004,1.0,0
3.92,1.0,0
3.94,1.0,0
3.96,1.0,0
3.98,1.0,0
4.0,1.0,0
4.02,1.0,0
4.04,1.0,0
4.0600000000000005,1.0,0
4.08,1.0,0
4.1,1.0,0
4.12,1.0,0
4.140000000000001,1.0,0
4.16,1.0,0
4.18,1.0,0
4.2,1.0,0
4.22,1.0,0
4.24,1.0,0
4.26,1.0,0
4.28,1.0,0
4.3,1.0,0
4.32,1.0,0
4.34,1.0,0
4.36,1.0,0
4.38,1.0,0
4.4,1.0,0
4.42,1.0,0
4.4399999999999995,1.0,0
4.46,1.0,0
4.48,1.0,0
4.5,1.0,0
4.52,1.0,0
4.54,1.0,0
4.559998222248559,1.0002666587655022,0
4.579991111558838,1.0007999288912066,0
4.599975113692057,1.0015997155749392,0
4.619946675989361,1.0026658766345076,0
4.6399022480033825,1.0039982225329753,0
4.659838282129435,1.0055965164123588,0
4.679751234236179,1.0074604741357331,0
4.699637564295685,1.0095897643377458,0
4.719493737012763,1.011984008483524,0
4.739316222453446,1.0146427809359704,0
4.759101496672532,1.017565609031429,0
4.778846042340044,1.0207519731637138,0
4.798546349366534,1.0242013068764826,0
4.818198915527081,1.0279129969639376,0
4.837800247083906,1.0318863835798389,0
4.857346859407468,1.0361207603548082,0
4.876835277595943,1.040615374521905,0
4.896262037092984,1.0453694270504474,0
4.915623684303621,1.0503820727880633,0
4.934916777208232,1.055652420610934,0
4.954137885974448,1.0611795335822163,0
4.9732835935668875,1.0669624291186055,0
4.992350496354627,1.0730000791650145,0
5.011335204716276,1.079291410377337,0
5.0302343436425705,1.08583530431326,0
5.049044553336366,1.0926305976310966,0
5.067762489809925,1.0996760822965985,0
5.086384825479394,1.1069705057977142,0
5.104908249756367,1.114512571367255,0
5.123329469636424,1.122300938213428,0
5.141645210284549,1.1303342217581953,0
5.15985221561731,1.1386109938834172,0
5.177947248881709,1.1471297831847371,0
5.195927093230602,1.15588907523316,0
5.21378855229457,1.16488731284428,0
5.231528450750156,1.1741228963551098,0
5.249143634884356,1.18359418390846,0
5.266630973155272,1.1932994917448219,0
5.283987356748824,1.2032370945016964,0
5.301209700131421,1.2134052255203225,0
5.318294941598484,1.2238020771597433,0
5.335240043818754,1.234425801118161,0
5.352041994374238,1.2452745087615185,0
5.368697806295759,1.256346271459252,0
5.3852045185939525,1.2676391209271527,0
5.401559196785662,1.2791510495772798,0
5.417758933415616,1.2908800108748593,0
5.433800848573302,1.3028239197021072,0
5.4496820904049414,1.314980652728911,0
5.465399835620481,1.3273480487903058,0
5.480951289995499,1.3399239092706752,0
5.496333688867956,1.3527059984946108,0
5.5115442976296745,1.3656920441243594,0
5.526580412212493,1.3788797375637891,0
5.541439359568974,1.3922667343687984,0
5.556118498147611,1.405850654664102,0
5.570615218362429,1.4196290835663132,0
5.584926943056904,1.4335995716132486,0
5.599051127962116,1.4477596351993833,0
5.612985262149059,1.4621067570173738,0
5.626726868475021,1.476638386505572,0
5.640273504023959,1.4913519403014526,0
5.6536227605407845,1.50624480270087,0
5.6667722648595,1.5213143261230653,0
5.679719679325078,1.5365578315813417,0
5.69246270220905,1.5519726091593213,0
5.704999068118685,1.5675559184926988,0
5.717326548399729,1.583304989256413,0
5.729442951532598,1.5992170216571404,0
5.74134612352198,1.6152891869310286,0
5.753033948279762,1.631518627846581,0
5.764504348001211,1.647902459212601,0
5.775755283534366,1.6644377683911074,0
5.786784754742541,1.6811216158151292,0
5.797590800859904,1.697951035511287,0
5.80817150084005,1.7149230356270704,0
5.818524973697514,1.7320345989627142,0
5.82864937884217,1.7492826835075808,0
5.838542916406433,1.7666642229809564,0
5.848203827565238,1.7841761273771568,0
5.857630394848713,1.801815283514856,0
5.8668209424475,1.81957855559053,0
5.875773836510677,1.8374627857359274,0
5.884487485436212,1.8554647945794573,0
5.892960340153911,1.8735813818114049,0
5.9011908944008065,1.8918093267528653,0
5.909177684988932,1.9101453889283007,0
5.91691929206544,1.9285863086416164,0
5.9244143393650175,1.9471288075556545,0
5.93166149445455,1.9657695892749985,0
5.93865946897,1.9845053399319945,0
5.945407018845438,2.0033327287758693,0
5.951902944534213,2.0222484087648605,0
5.9581460912222015,2.041249017161232,0
5.9641353490331,2.0603311761290897,0
5.969869653225739,2.0794914933348743,0
5.975347984383365,2.0987265625504343,0
5.980569368594867,2.1180329642585694,0
5.985532877627914,2.137407266260935,0
5.990237629093974,2.156846024288201,0
5.994682786605177,2.1763457826123602,0
5.9988675599230055,2.195903074661066,0
6.002791205098781,2.215514423633908,0
6.006453024605916,2.235176343120499,0
6.00985236746392,2.2548853377202684,0
6.012988629354128,2.2746379036638626,0
6.015861252727131,2.294430529436025,0
6.018469726901894,2.3142596963998594,0
6.020813588156544,2.33412187942235,0
6.0228924198108125,2.3540135475010517,0
6.024705852300098,2.373931164391804,0
6.026253563241181,2.393871189237397,0
6.027535277489527,2.41383007719704,0
6.028550767188198,2.433804280076552,0
6.029299851808369,2.4537902469591373,0
6.029782398181412,2.4737844248366567,0
6.029998320522578,2.4937832592412557,0
6.0299475804462395,2.513783194877269,0
6.029630186972723,2.533780676253256,0
6.029046196526696,2.5537721483140867,0
6.028195712927148,2.573754057072933,0
6.027078887368921,2.5937228502430907,0
6.025695918395839,2.6136749778694734,0
6.024047051865413,2.6336068929597216,0
6.022132580905125,2.6535150521147566,0
6.0199528458603275,2.6733959161587184,0
6.017508234233732,2.6932459507681363,0
6.014799180616522,2.7130616271002506,0
6.011826166611094,2.7328394224203443,0
6.008589720745443,2.7525758207280067,0
6.005090418379197,2.7722673133821862,0
6.00132888160134,2.791910399724938,0
5.997305779119612,2.81150158770376,0
5.993021826141639,2.8310373944923852,0
5.988477784247777,2.8505143471099497,0
5.98367446125573,2.869928983038394,0
5.9786127110769325,2.8892778508380212,0
5.973293433564754,2.90855751076107,0
5.967717574354517,2.927764535363221,0
5.9618861246954,2.946895510112908,0
5.955800121274203,2.96594703399834,0
5.949460646031062,2.984915720132113,0
5.942868825967102,3.0037981963533187,0
5.936025832944084,3.0225911058270247,0
5.928932883476079,3.0412911076410443,0
5.9215912385132,3.0598948773998593,0
5.914002203217436,3.078399107815623,0
5.906167126730633,3.096800509296106,0
5.8980874019346405,3.1150958105295112,0
5.889764465203697,3.1332817590660245,0
5.8811997961490805,3.1513551218960267,0
5.872394917356066,3.169312686024836,0
5.863351394113247,3.187151259043904,0
5.854070834134273,3.2048676696983414,0
5.8445548872720305,3.222458768450692,0
5.834805245225343,3.2399214280408426,0
5.824823641238231,3.2572525440419677,0
5.81461184979178,3.2744490354124247,0
5.8041716862886865,3.291507845043482,0
5.79350500673052,3.3084259403028016,0
5.782613707387776,3.3252003135735597,0
5.771499724462764,3.341827982789134,0
5.760165033745399,3.3583059919632325,0
5.748611650261957,3.374631411715402,0
5.73684162791685,3.3908013397917935,0
5.724857059127496,3.406812901581115,0
5.712660074452339,3.422663250625662,0
5.700252842212086,3.4383495691273507,0
5.687637568104234,3.4538690684486486,0
5.674816494810957,3.46921898960833,0
5.661791901600407,3.4843966037719483,0
5.648566103921516,3.49939921273696,0
5.6351414529923725,3.5142241494123945,0
5.621520335382229,3.528868778293,0
5.607705172587232,3.543330495927766,0
5.593698420599935,3.5576067313827586,0
5.579502569472693,3.571694946698162,0
5.565120142874983,3.58559263733947,0
5.550553697644767,3.599297332642726,0
5.535805823333942,3.612806596253749,0
5.520879141747988,3.6261180265612545,0
5.505776306479877,3.6392292571238016,0
5.490500002438321,3.6521379570904893,0
5.475052945370473,3.66484183161532,0
5.459437881379129,3.677338622265172,0
5.443657586434538,3.689626107421286,0
5.427714865880908,3.7017021026742194,0
5.411612553937681,3.7135644612121754,0
5.395353513195683,3.725211074202657,0
5.3789406341082255,3.7366398711673616,0
5.362376834477248,3.7478488203502636,0
5.345665058934621,3.758835929078806,0
5.328808278418645,3.7695992441181527,0
5.311809489645906,3.7801368520184218,0
5.294671714578527,3.7904468794548514,0
5.277397999886939,3.800527493560828,0
5.259991416408259,3.8103769022537275,0
5.242455058600374,3.8199933545535,0
5.224792043991817,3.829375140893954,0
5.207005512627557,3.83852059342667,0
5.189098626510766,3.8474280863175077,0
5.171074569040707,3.8560960360356344,0
5.152936544446789,3.864522901635041,0
5.13468777721895,3.872707185028481,0
5.116331511534412,3.8806474312537964,0
5.09787101068095,3.8883422287325695,0
5.079309556476764,3.8957902095210706,0
5.0606504486870465,3.902990049553442,0
5.041897004437375,3.909940468877085,0
5.023052557624002,3.916640231880203,0
5.004120458321174,3.923088147511463,0
4.985104072185571,3.9292830694917353,0
4.966006779857979,3.9352238965178716,0
4.94683197636229,3.9409095724584926,0
4.927583070501961,3.9463390865417383,0
4.908263484254001,3.9515114735349606,0
4.88887665216064,3.9564258139163164,0
4.869426020718745,3.961081234038237,0
4.849915047767124,3.965476906282739,0
4.830347201871802,3.9696120492085565,0
4.810725961709403,3.97348592769006,0
4.791054815448723,3.977097853047945,0
4.771337260130622,3.9804471831716595,0
4.751576801046336,3.9835333226335594,0
4.731776951114327,3.9863557227947566,0
4.711941230255768,3.9889138819026564,0
4.692073164768792,3.9912073451801544,0
4.672176286701602,3.9932357049064864,0
4.652254133224565,3.99499860048971,0
4.632310246001381,3.996495718530808,0
4.612348170559479,3.9977267928794062,0
4.592371455659693,3.9986916046810843,0
4.572383652665392,3.9993899824162855,0
4.552388314911134,3.9998218019308074,0
4.532388997070967,3.9999869864578734,0
4.5123896792308,4.00015217098494,0
4.492390361390633,4.0003173555120055,0
4.472391043550466,4.000482540039071,0
4.452391725710299,4.000647724566138,0
4.4323924078701324,4.000812909093204,0
4.4123930900299655,4.00097809362027,0
4.3923937721897985,4.001143278147335,0
4.372394454349632,4.001308462674402,0
4.352395136509465,4.001473647201468,0
4.332395818669298,4.001638831728534,0
4.312396500829131,4.0018040162555994,0
4.292397182988964,4.001969200782666,0
4.272397865148797,4.002134385309732,0
4.25239854730863,4.002299569836798,0
4.232399229468463,4.002464754363864,0
4.212399911628296,4.00262993889093,0
4.192400593788129,4.002795123417997,0
4.172401275947962,4.002960307945062,0
4.152401958107795,4.003125492472128,0
4.132402640267628,4.003290676999194,0
4.112403322427461,4.003455861526261,0
4.092404004587294,4.003621046053326,0
4.072404686747127,4.003786230580392,0
4.05240536890696,4.0039514151074584,0
4.032406051066793,4.004116599634525,0
4.012406733226626,4.0042817841615905,0
3.9924074153864595,4.004446968688656,0
3.972408097546293,4.004612153215723,0
3.9524087797061256,4.004777337742789,0
3.932409461865959,4.004942522269855,0
3.9124101440257917,4.00510770679692,0
3.892410826185625,4.005272891323987,0
3.8724115083454578,4.005438075851053,0
3.8524121905052913,4.005603260378119,0
3.832412872665124,4.0057684449051845,0
3.8124135548249574,4.005933629432251,0
3.79241423698479,4.006098813959317,0
3.7724149191446235,4.006263998486383,0
3.752415601304456,4.006429183013449,0
3.7324162834642896,4.006594367540515,0
3.712416965624122,4.006759552067582,0
3.6924176477839556,4.006924736594647,0
3.6724183299437883,4.007089921121713,0
3.6524190121036217,4.007255105648779,0
3.6324196942634543,4.007420290175846,0
3.612420376423288,4.007585474702911,0
3.5924210585831213,4.007750659229977,0
3.572421740742954,4.0079158437570435,0
3.5524224229027874,4.00808102828411,0
3.53242310506262,4.0082462128111755,0
3.5124237872224535,4.008411397338241,0
3.492424469382286,4.008576581865308,0
3.4724251515421196,4.008741766392374,0
3.452425833701952,4.00890695091944,0
3.4324265158617857,4.009072135446505,0
3.4124271980216183,4.009237319973572,0
3.392427880181452,4.009402504500638,0
3.3724285623412844,4.009567689027704,0
3.352429244501118,4.0097328735547695,0
3.3324299266609505,4.009898058081836,0
3.312430608820784,4.0100632426089025,0
3.2924312909806166,4.010228427135968,0
3.27243197314045,4.010393611663034,0
3.2524326553002836,4.0105587961901,0
3.2324333374601153,4.010723980717167,0
3.212434019619949,4.010889165244232,0
3.1924347017797823,4.011054349771298,0
3.1724353839396158,4.011219534298364,0
3.1524360660994475,4.011384718825431,0
3.132436748259281,4.011549903352496,0
3.1124374304191145,4.011715087879562,0
3.092438112578948,4.0118802724066285,0
3.0724387947387815,4.012045456933695,0
3.052439476898613,4.012210641460761,0
3.0324401590584467,4.012375825987826,0
3.01244084121828,4.012541010514893,0
2.9924415233781136,4.012706195041959,0
2.9724422055379454,4.012871379569025,0
2.952442887697779,4.01303656409609,0
2.932443569857613,4.013201748623157,0
2.9124442520174463,4.013366933150223,0
2.892444934177278,4.013532117677289,0
2.8724456163371115,4.0136973022043545,0
2.852446298496945,4.013862486731421,0
2.8324469806567785,4.0140276712584875,0
2.81244766281661,4.014192855785553,0
2.7924483449764437,4.014358040312619,0
2.772449027136277,4.014523224839685,0
2.752449709296111,4.014688409366752,0
2.732450391455943,4.014853593893817,0
2.7124510736157763,4.015018778420883,0
2.69245175577561,4.015183962947949,0
2.6724524379354433,4.015349147475016,0
2.652453120095275,4.015514332002081,0
2.6324538022551085,4.015679516529147,0
2.612454484414942,4.0158447010562135,0
2.5924551665747755,4.01600988558328,0
2.572455848734607,4.016175070110346,0
2.5524565308944407,4.016340254637411,0
2.532457213054274,4.016505439164478,0
2.5124574705098093,4.016403959338385,0
2.492460858718158,4.016035833199723,0
2.4724709325798595,4.015401126192171,0
2.4524912458069172,4.014499951150858,0
2.4325253502910225,4.013332468282306,0
2.4125767954721273,4.011898885135952,0
2.392649127707436,4.010199456567244,0
2.3727458896409597,4.008234484692341,0
2.3528706195737112,4.006004318834403,0
2.333026850834689,4.003509355461485,0
2.3132181111527386,4.00075003811606,0
2.293447922029413,3.9977268573361675,0
2.2737197981129293,3.9944403505682056,0
2.2540372465733594,3.990891102071388,0
2.2344037664791365,3.987079742813878,0
2.2148228481750163,3.983006950360617,0
2.1952979726615682,3.978673448752869,0
2.17583261097635,3.9740800083795076,0
2.156430223576838,3.969227445840056,0
2.137094259725249,3.9641166237995193,0
2.1178281568753414,3.9587484508350217,0
2.0986353400613242,3.9531238812742853,0
2.0795192212889697,3.9472439150259735,0
2.0604831989290493,3.941109597401934,0
2.041530657113179,3.9347220189313656,0
2.02266496513221,3.928082315166951,0
2.0038894768372515,3.9211916664829833,0
1.9852075300434386,3.9140512978655244,0
1.9666224459365567,3.906662478694635,0
1.9481375284826083,3.8990265225187066,0
1.9297560638404565,3.891144786820949,0
1.9114813197776246,3.88301867277806,0
1.8933165450893736,3.8746496250111355,0
1.875264969021139,3.8660391313288476,0
1.8573298006944565,3.8571887224629506,0
1.8395142285364572,3.848099971796155,0
1.8218214197130513,3.838774495082421,0
1.8042545195658746,3.829213950159714,0
1.7868166510531305,3.8194200366552855,0
1.7695109141944045,3.809394495683518,0
1.7523403855195632,3.7991391095364038,0
1.7353081175218126,3.7886557013666913,0
1.7184171381150504,3.7779461348637784,0
1.7016704500955717,3.767012313922392,0
1.6850710306082548,3.7558561823041265,0
1.6686218306172884,3.7444797232918865,0
1.6523257743815707,3.7328849593373117,0
1.6361857589348445,3.7210739517012335,0
1.6202046535706844,3.7090488000872375,0
1.6043852993323964,3.696811642268383,0
1.5887305085079595,3.684364653707165,0
1.5732430641300672,3.6717100471687663,0
1.5579257194813736,3.658850072327687,0
1.5427811976050325,3.645787015367809,0
1.527812190820601,3.632523198575964,0
1.5130213602454163,3.619060979929093,0
1.4984113353215132,3.6054027526750536,0
1.4839847133481796,3.591550944907166,0
1.4697440590202138,3.57750801913255,0
1.4556919039719902,3.5632764718343584,0
1.4418307463273956,3.5488588330279605,0
1.4281630502557294,3.534257665811175,0
1.4146912455336282,3.519475565908605,0
1.4014177271131172,3.504515161210191,0
1.3883448546958441,3.4893791113040313,0
1.3754749523135887,3.4740701070035813,0
1.3628103079150997,3.458590869869284,0
1.3503531729593594,3.442944151724751,0
1.3381057620153276,3.4271327341675533,0
1.3260702523682515,3.411159428074727,0
1.3142487836325913,3.395027073103062,0
1.3026434573716543,3.378738537184288,0
1.291256336723987,3.3622967160152224,0
1.2800894460366052,3.345704532542995,0
1.2691447705051082,3.3289649364454115,0
1.2584242558207652,3.3120809036065793,0
1.2479298078246186,3.295055435587868,0
1.2376632921686717,3.277891559094306,0
1.2276265339842258,3.2605923254365123,0
1.2178213175574122,3.243160809988241,0
1.2082493860119934,3.2256001116396615,0
1.198912440999478,3.207913352246451,0
1.1898121423966124,3.190103676074812,0
1.1809501080102904,3.1721742492424885,0
1.1723279132899518,3.1541282591559194,0
1.1639470910475043,3.1359689139435902,0
1.1558091311848306,3.1176994418857147,0
1.1479154804289171,3.099323090840318,0
1.1402675420746637,3.0808431276658546,0
1.1328666757354127,3.062262837640438,0
1.1257141971012445,3.043585523877807,0
1.1188113777050783,3.024814506740105,0
1.1121594446966265,3.0059531232476076,0
1.1057595806242373,2.9870047264854804,0
1.0996129232246692,2.96797268500769,0
1.0937205652208262,2.948860382238151,0
1.0880835541275011,2.929671215869241,0
1.082702892065153,2.9104085972577733,0
1.0775795355817555,2.89107595081855,0
1.0727143954827454,2.871676713415575,0
1.0681083366691044,2.852214333751072,0
1.0637621779836017,2.8326922717523892,0
1.0596766920652232,2.813113997956909,0
1.0558526052118173,2.793482992895079,0
1.052290597250975,2.7738027464716506,0
1.0489913014191745,2.754076757345266,0
1.0459553042492074,2.734308532306482,0
1.0431831454659082,2.714501585654356,0
1.040675317890204,2.694659438571681,0
1.038432267351503,2.674785618499012,0
1.0364543926084377,2.6548836585075737,0
1.034742045277976,2.634957096671174,0
1.0332955297729112,2.615009475437213,0
1.0321151032477451,2.5950443409969273,0
1.0312009755529734,2.5750652426549676,0
1.030553309197779,2.5550757321984223,0
1.0301722193211413,2.5350793632653907,0
1.030057773671368,2.5150796907132404,0
1.030209992594051,2.4950802699866386,0
1.0306288490284494,2.475084656485489,0
1.0313142685123002,2.4550964049328607,0
1.0322661291950561,2.4351190687430533,0
1.033484261859547,2.4151561993898825,0
1.0349684499520628,2.3952113457753277,0
1.0367184296208518,2.375288053598611,0
1.038733889763026,2.35538986472587,0
1.0410144720798686,2.3355203165604967,0
1.04355977114053,2.315682941414277,0
1.0463693344541023,2.295881265879439,0
1.0494426625500632,2.2761188102017007,0
1.0527792090670676,2.2563990876544677,0
1.0563783808500782,2.2367256039142545,0
1.060239538055812,2.2171018564374707,0
1.064361994266491,2.197531333838648,0
1.0687450166118686,2.1780175152702617,0
1.0733878258995162,2.158563869804216,0
1.0782895967533432,2.1391738558151405,0
1.0834494577603306,2.119850920365563,0
1.0888664916254442,2.100598498593116,0
1.094539735334709,2.0814200130998515,0
1.1004681803264065,2.062318873343795,0
1.1066507726703747,2.043298475032816,0
1.113086413255369,2.024362199520964,0
1.1197739579844581,2.0055134132073444,0
1.126712217978413,1.9867554669376628,0
1.1338999597870647,1.9680916954085172,0
1.1413359056085777,1.9495254165745801,0
1.1490187335166129,1.9310599310587435,0
1.1569470776953312,1.9126985215653587,0
1.1651195286822047,1.894444452296641,0
1.173534633618582,1.876300968372385,0
1.1821908965079706,1.8582712952530582,0
1.1910867784819896,1.8403586381663952,0
1.200220698073938,1.822566181537593,0
1.2095910314999454,1.8048970884231905,0
1.219196112947637,1.7873544999487607,0
1.2290342348722758,1.7699415347504956,0
1.2391036483003177,1.7526612884207944,0
1.2494025631403411,1.735516832957936,0
1.2599291485012767,1.7185112162199605,0
1.2706815330178964,1.701647461382831,0
1.2816578051834921,1.6849285664029958,0
1.2928560136896996,1.6683575034844176,0
1.3042741677733884,1.6519372185501928,0
1.3159102375705725,1.63567063071884,0
1.3277621544772655,1.6195606317853568,0
1.3398278115172333,1.6036100857071232,0
1.3521050637165573,1.5878218280947654,0
1.3645917284849605,1.5721986657080533,0
1.377285586003813,1.556743375956934,0
1.3901843796207665,1.5414587064077674,0
1.403285816250928,1.5263473742948845,0
1.4165875667845145,1.5114120660375272,0
1.4300872665009063,1.4966554367622749,0
1.4437825154890431,1.4820801098310215,0
1.4576708790740631,1.4676886763746115,0
1.4717498882501305,1.4534836948321996,0
1.4860170401193586,1.4394676904964283,0
1.50046979833677,1.425643155064486,0
1.5151055935611908,1.4120125461951505,0
1.5299218239120165,1.398578287071877,0
1.5449158554317637,1.3853427659720152,0
1.5600850225543161,1.3723083358422377,0
1.5754266285788052,1.359477313880237,0
1.5909379461490096,1.3468519811227906,0
1.6066162177382157,1.3344345820402472,0
1.6224586561394303,1.3222273241375198,0
1.638462444960886,1.310232377561639,0
1.6546247391267197,1.2984518747159604,0
1.6709426653827593,1.2868879098810733,0
1.6874133228073114,1.275542538842494,0
1.704033783326881,1.2644177785251922,0
1.7208010922367052,1.2535156066350357,0
1.7377122687260285,1.242837961307202,0
1.7547643064080116,1.2323867407616291,0
1.771954173854201,1.222163802965554,0
1.7892788151334351,1.212170965303216,0
1.8067351503551166,1.2024100042527692,0
1.8243200762167335,1.1928826550704719,0
1.8420304665555594,1.1835906114821968,0
1.8598631729044006,1.174535525382331,0
1.8778150250513188,1.16571900654011,0
1.8958828316032095,1.157142622313442,0
1.914063380553162,1.148807897370268,0
1.9323534398514672,1.140716313417515,0
1.9507497579801996,1.1328693089376858,0
1.969249064531255,1.1252682789331316,0
1.9878480707877433,1.1179145746780579,0
2.00654347030865,1.110809503478297,0
2.0253319395166316,1.1039543284389048,0
2.0442101382888707,1.0973502682396112,0
2.063174710550857,1.0909984969181705,0
2.082222284873027,1.0849001436616437,0
2.1013494750701116,1.079056292605659,0
2.12055288080312,1.07346798264168,0
2.139829088183829,1.068136207232316,0
2.159174670381695,1.063061914234708,0
2.1785861882330577,1.0582460057320247,0
2.198060190852536,1.0536893378730934,0
2.217593216246505,1.0493927207201998,0
2.237181791928564,1.045356918105077,0
2.256822435536849,1.0415826474931162,0
2.2765116554531155,1.038070579855819,0
2.296245951423453,1.0348213395515156,0
2.3160218151805543,1.0318355042143692,0
2.3358357310673914,1.029113604651687,0
2.3556841766622147,1.0266561247495556,0
2.3755636234047466,1.024463501386819,0
2.3954705372234804,1.022536124357411,0
2.4154013791639444,1.0208743363010608,0
2.4353526060178416,1.0194784326423796,0
2.4553206709529456,1.0183486615383408,0
2.475302024143633,1.017485223834166,0
